id,createdAt,updatedAt,name,groupName,order
84b33b2b-b152-47e3-a99c-9b808da42aee,2020-12-07 13:15:17.483102,2020-12-07 13:15:17.483102,All Integrations,Featured,1
116d83a2-1087-4cb6-ab55-5703c1d31800,2020-12-07 13:15:17.483102,2020-12-07 13:15:17.483102,For Sales Teams,Featured,1
1fcf65fe-ea87-4987-8e68-3fed798f21b0,2020-12-07 13:15:17.483102,2020-12-07 13:15:17.483102,For Accountants,Featured,1
2fc2625f-9f5c-47a9-a1dd-ba37c8bfcfe3,2020-12-07 13:15:17.483102,2020-12-07 13:15:17.483102,For Support Teams,Featured,1
75d9780e-5196-49f8-86bb-8ed7568114d7,2020-12-07 13:15:17.483102,2020-12-07 13:15:17.483102,CRM,Categories,2
a0ab8964-99cc-4455-a1ec-741b3444503b,2020-12-07 13:15:17.483102,2020-12-07 13:15:17.483102,Scheduling,Categories,2
51f5ab72-d73a-437a-a30e-512dab70bc71,2020-12-07 13:15:17.483102,2020-12-07 13:15:17.483102,Tools,Categories,2
